{
    "Spinach": {
        "N": {
            "min": 36.0,
            "max": 113.0
        },
        "P": {
            "min": 9.0,
            "max": 57.0
        },
        "K": {
            "min": 8.0,
            "max": 41.0
        },
        "temperature": {
            "min": 20.88774309967587,
            "max": 30.666361414123244
        },
        "humidity": {
            "min": 53.57346595943703,
            "max": 87.8700291145872
        },
        "ph": {
            "min": 6.797763957910607,
            "max": 7.180904900864785
        },
        "rainfall": {
            "min": 127.32248045316362,
            "max": 246.5574239501257
        }
    },
    "Green Chili": {
        "N": {
            "min": 10.0,
            "max": 114.0
        },
        "P": {
            "min": 5.0,
            "max": 59.0
        },
        "K": {
            "min": 5.0,
            "max": 49.0
        },
        "temperature": {
            "min": 21.58194672756273,
            "max": 31.172528588194787
        },
        "humidity": {
            "min": 50.36779438269837,
            "max": 87.80232889731917
        },
        "ph": {
            "min": 5.583549338956908,
            "max": 7.287386729247952
        },
        "rainfall": {
            "min": 56.49103631890857,
            "max": 297.82295894967217
        }
    },
    "Red Chili (Kulai / Hybrid)": {
        "N": {
            "min": 11.0,
            "max": 106.0
        },
        "P": {
            "min": 11.0,
            "max": 54.0
        },
        "K": {
            "min": 10.0,
            "max": 44.0
        },
        "temperature": {
            "min": 20.015375415812464,
            "max": 31.83971270308716
        },
        "humidity": {
            "min": 50.60218695882205,
            "max": 85.89049756376033
        },
        "ph": {
            "min": 5.51702530222525,
            "max": 7.4840564260628994
        },
        "rainfall": {
            "min": 64.8080036174666,
            "max": 287.74727678950995
        }
    },
    "Oil Red Chili": {
        "N": {
            "min": 11.0,
            "max": 119.0
        },
        "P": {
            "min": 7.0,
            "max": 55.0
        },
        "K": {
            "min": 7.0,
            "max": 47.0
        },
        "temperature": {
            "min": 20.410159337998515,
            "max": 31.30706529873605
        },
        "humidity": {
            "min": 50.6718192546896,
            "max": 88.98272463324507
        },
        "ph": {
            "min": 5.529599548709987,
            "max": 7.452517914766303
        },
        "rainfall": {
            "min": 75.22145661738426,
            "max": 297.3249339300861
        }
    },
    "Birds Eye Chili": {
        "N": {
            "min": 10.0,
            "max": 104.0
        },
        "P": {
            "min": 5.0,
            "max": 49.0
        },
        "K": {
            "min": 7.0,
            "max": 48.0
        },
        "temperature": {
            "min": 20.03470786554801,
            "max": 30.96817687793317
        },
        "humidity": {
            "min": 52.055386217768216,
            "max": 85.92936906108079
        },
        "ph": {
            "min": 5.552434176408391,
            "max": 7.293351246630364
        },
        "rainfall": {
            "min": 60.03532954626812,
            "max": 291.0577411952387
        }
    },
    "Celery Leaves (Highland)": {
        "N": {
            "min": 19.0,
            "max": 99.0
        },
        "P": {
            "min": 8.0,
            "max": 59.0
        },
        "K": {
            "min": 6.0,
            "max": 44.0
        },
        "temperature": {
            "min": 20.634380716214025,
            "max": 29.161253717499815
        },
        "humidity": {
            "min": 50.15068157819812,
            "max": 89.07829972733263
        },
        "ph": {
            "min": 5.546341499517618,
            "max": 7.420482046443284
        },
        "rainfall": {
            "min": 50.11760909066466,
            "max": 186.65902699989297
        }
    },
    "Young Ginger": {
        "N": {
            "min": 11.0,
            "max": 118.0
        },
        "P": {
            "min": 12.0,
            "max": 58.0
        },
        "K": {
            "min": 5.0,
            "max": 49.0
        },
        "temperature": {
            "min": 20.40508238969082,
            "max": 31.09293640880074
        },
        "humidity": {
            "min": 51.5160640182507,
            "max": 85.0759819528763
        },
        "ph": {
            "min": 5.568852491000122,
            "max": 7.468383241241727
        },
        "rainfall": {
            "min": 97.82503392769388,
            "max": 289.5112585131193
        }
    },
    "Okra (Lady’s Finger)": {
        "N": {
            "min": 71.0,
            "max": 117.0
        },
        "P": {
            "min": 13.0,
            "max": 57.0
        },
        "K": {
            "min": 7.0,
            "max": 48.0
        },
        "temperature": {
            "min": 21.65321258238182,
            "max": 31.626561887256344
        },
        "humidity": {
            "min": 68.45024196775907,
            "max": 82.12497573628808
        },
        "ph": {
            "min": 5.666506226407206,
            "max": 7.377439378570406
        },
        "rainfall": {
            "min": 58.07516656212545,
            "max": 223.3545584753745
        }
    },
    "French Beans": {
        "N": {
            "min": 13.0,
            "max": 112.0
        },
        "P": {
            "min": 5.0,
            "max": 57.0
        },
        "K": {
            "min": 11.0,
            "max": 41.0
        },
        "temperature": {
            "min": 20.24880487394718,
            "max": 31.250574765404377
        },
        "humidity": {
            "min": 54.65379645835593,
            "max": 88.8726174411529
        },
        "ph": {
            "min": 5.802989659930135,
            "max": 6.810684253263768
        },
        "rainfall": {
            "min": 58.64298754534926,
            "max": 270.9568640310869
        }
    },
    "Long Beans (Green)": {
        "N": {
            "min": 11.0,
            "max": 96.0
        },
        "P": {
            "min": 5.0,
            "max": 51.0
        },
        "K": {
            "min": 7.0,
            "max": 47.0
        },
        "temperature": {
            "min": 21.78791404049243,
            "max": 30.694215773276863
        },
        "humidity": {
            "min": 54.53297444612316,
            "max": 73.59160028591748
        },
        "ph": {
            "min": 5.507945301601311,
            "max": 7.393093305395064
        },
        "rainfall": {
            "min": 72.44759920591852,
            "max": 294.4792778029027
        }
    },
    "Chinese Broccoli (Kai-lan)": {
        "N": {
            "min": 14.0,
            "max": 119.0
        },
        "P": {
            "min": 9.0,
            "max": 58.0
        },
        "K": {
            "min": 16.0,
            "max": 47.0
        },
        "temperature": {
            "min": 20.505495916521447,
            "max": 29.808324356553467
        },
        "humidity": {
            "min": 53.26460941146578,
            "max": 88.30023981260632
        },
        "ph": {
            "min": 5.813334351796562,
            "max": 7.481020590628168
        },
        "rainfall": {
            "min": 58.60551651811073,
            "max": 297.7495947923697
        }
    },
    "Water Spinach": {
        "N": {
            "min": 21.0,
            "max": 89.0
        },